duration,peak_mag,rms_mag,sta_lta_ratio,dom_freq,peak_ax,peak_ay,peak_az,rms_ax,rms_ay,rms_az,label
60.0,64682.75720634239,11889.233949595171,1.077243300159322,0.0,31927.32,59199.605,54457.137,6152.213523628491,7764.142672323977,6574.362420165699,real_quake
60.0,12268.994930651914,1629.1560156630057,1.1177013995070388,0.0,8176.72,11905.735,4654.1304,978.474904621451,1120.0357011895173,665.0234675993836,real_quake
60.0,5724.520993998461,558.7756588878758,1.1565733865574708,0.0,5076.021,3541.3235,1983.8029,387.9510817716549,322.9890311451543,239.5877310667159,real_quake
60.0,15301.630635731453,1409.0889795527937,0.935024378295659,0.0,14266.741,10291.741,9047.335,853.8103204246943,841.449530146712,740.6094633808639,real_quake
60.0,14305.356153228358,1081.2636748625898,1.0621786035047192,0.0,8553.41,13816.228,4104.618,684.1049598181797,745.6656085447293,380.9387598592949,real_quake
60.0,71420.8874744209,10530.176548189367,1.1290414694373025,0.0,51010.05,50305.695,28694.242,6424.590264484491,7234.731187753216,4155.469012094703,real_quake
60.0,360.3126002904785,38.20259209032608,1.0317268165099063,0.0,351.74213,195.71918,126.8379,29.27045171151235,20.202039829539626,13.948343476899419,real_quake
60.0,2740041.5076182904,499003.80459803884,1.2669747328793977,0.0,1287790.6,2618352.5,1058275.6,260299.30741748,386678.2283624784,178126.40251168006,real_quake
60.0,214531.91642305432,30877.463986868897,1.2081022820331668,0.0,126966.41,191781.75,49486.074,19661.039077873746,21266.849481498055,10704.31865043325,real_quake
60.0,5498.272604124976,994.6661371146946,1.0672660031277243,0.0,5081.5776,5230.313,2904.4487,555.463211813911,687.6003995405343,456.09980837064643,real_quake
60.0,5608.659116936571,474.95412497982477,1.072039494208371,0.0,5443.36,3602.8147,907.0205,345.3006301403389,303.9912082172692,118.06032774239101,real_quake
60.0,2478.2307961408324,405.97588281593676,1.0853073185629802,0.0,2477.358,1896.8585,1487.8042,255.8153827120045,224.32643049012466,221.47812528475396,real_quake
60.0,5946.1072663339355,1018.7236641408209,1.0375842334497212,0.0,5336.6123,4250.383,2266.2507,818.6358818555826,526.46598043479,300.7769410441363,real_quake
60.0,17240.912649411675,2035.6301472778464,1.0200432463108187,0.0,12676.953,9155.319,13274.679,1126.6725537162708,1194.0295502554934,1203.6164199301818,real_quake
60.0,15630.950693224742,1429.9100345703455,1.0356326659425767,0.0,10528.266,15458.475,7096.239,747.7902440190537,1060.5181568997154,600.6277522733368,real_quake
60.0,52967.90996128002,10731.040471304525,1.0623873565011706,0.0,43811.28,52394.05,28917.293,6672.526374312814,7498.679904756693,3795.0521823650465,real_quake
60.0,17833.383763193964,4113.973251964329,0.993052323960671,0.0,11551.306,11608.147,13665.452,2440.633730119939,2482.3145512859205,2192.304126199869,real_quake
60.0,23101.84093914468,1351.7855343300052,1.014832055739815,0.0,8285.463,22706.611,8497.814,682.8990422149573,980.3887414124632,632.3060530134419,real_quake
60.0,66777.61518552032,9531.414557010494,1.1166363493677758,0.0,64890.023,30034.682,24307.582,6994.873467574168,5040.236171657085,4063.942416439734,real_quake
60.0,26050.083617666245,4408.808262185896,1.1782489682043424,0.0,23428.002,17478.102,14892.975,3257.0538326268124,2107.7486934840535,2094.4178353914667,real_quake
60.0,29645.82473023667,4031.564408906083,1.1235334621797224,0.0,28884.047,21574.559,28055.99,2403.7432427236186,2343.199621514095,2232.699160199377,real_quake
60.0,1312.35897244857,79.90675551730402,1.0537182788447936,0.0,1023.261,1219.7595,463.5229,50.09798925588528,54.33640002687507,30.37822710328584,real_quake
60.0,33871.064256354584,5719.895465331516,1.0342392655070791,0.0,27463.598,16660.393,33467.016,3503.924173680614,2650.3463303805197,3662.701714370852,real_quake
60.0,1247.5022542671802,167.9642121187661,1.0260077191814918,0.0,965.7732,1072.5682,373.54807,103.68486277030304,95.18521784495844,91.65806068638528,real_quake
60.0,231103.01840314834,35612.330842674965,1.1921656097215558,0.0,179980.0,227286.92,101757.375,20620.796029815592,26327.911105579824,12241.81260931431,real_quake
60.0,51445.38480620776,9595.079918879432,1.1247230753037567,0.0,45072.85,41924.53,22765.494,5899.4454414661695,6356.910509233445,4105.093288884523,real_quake
60.0,24795.305278510776,2099.022361978865,1.010995492560413,0.0,17454.562,23443.613,10128.368,1289.0981269876108,1282.6143106945756,1048.3422270832389,real_quake
60.0,2611.0201412604156,247.85664003786127,1.0699068956990965,0.0,2448.324,649.993,1862.086,206.61310354876863,54.257288849179965,125.69839322577037,real_quake
60.0,6184.586688224853,815.1324331829783,1.0006792636836839,0.0,5952.6025,4068.3557,3124.1494,536.0694569752039,462.8389816439015,403.54739250297337,real_quake
60.0,3347.860466461867,708.0120557948136,1.1208551614926983,0.0,3285.3364,2424.7688,886.2209,521.6100058409831,447.3581891788179,170.51311835755257,real_quake
60.0,380107.5469295808,64133.190505849816,1.1165142865916577,0.0,289383.72,346472.66,282524.53,37562.33966810803,41470.11586683442,31342.72249037457,real_quake
60.0,5593.362005756897,687.0392112252459,1.0436519397995354,0.0,4726.1494,4720.1973,3598.2957,434.89396436974147,424.8008219662894,320.05371294915966,real_quake
60.0,3989.7345529174668,345.5383564638415,1.0107357793219733,0.0,3230.6348,2314.2808,2697.3723,219.468453085426,185.0816074229776,192.2892417212927,real_quake
60.0,20430.384092321234,1885.8855833536636,1.0623647751687857,0.0,20429.236,9759.54,6067.769,1410.0944450602815,1019.5768703821187,727.090843631749,real_quake
60.0,53621.19849888542,3268.56067806449,1.1049110421112647,0.0,26943.78,42798.406,18961.602,1858.14611005418,2365.1958717020684,1279.3085743335773,real_quake
60.0,94089.80503281562,19863.448993699472,1.0887760388961667,0.0,77373.445,72432.766,57672.176,13444.596582855582,11734.598554010658,8723.452609247071,real_quake
60.0,4875.589502368296,674.2674017358598,1.0769692034421108,0.0,3546.1863,3508.8787,3774.7878,432.8957676585194,370.3789366369549,360.63447794497847,real_quake
60.0,12139.32722917188,1668.3931155986731,1.0283732107488588,0.0,9742.819,8597.987,7991.3857,993.4559241044143,1035.3042843743508,851.308377613544,real_quake
60.0,49433.38919183313,3493.0011082796477,1.1400616162830834,0.0,27290.252,15668.072,48893.01,2008.482079785791,1879.2781762506902,2152.9909460771246,real_quake
60.0,46950.605819790006,2177.967556020258,1.018267434344627,0.0,29070.137,37965.305,19881.506,1262.1591808879903,1520.9125594348939,915.0529294692262,real_quake
60.0,5954.859655667621,941.9641042869213,1.126433228526367,0.0,4340.7783,5779.7837,3416.6267,621.8430908133372,594.9453075302144,382.9459821183091,real_quake
60.0,34469.2904308296,5580.082759682201,1.0145353552361935,0.0,24284.86,33374.67,19932.926,2976.951663415685,3999.4281418938895,2505.9243676568353,real_quake
60.0,28799.649511266212,4618.968759836774,1.0864647450110592,0.0,27250.049,12956.456,6075.0146,3989.9334962758694,2139.3637889359843,915.6558732588085,real_quake
60.0,1021.2473719753148,243.499442009927,1.0561235435714684,0.0,916.792,950.77704,471.55206,158.68646812914864,153.58830318051406,102.5729799604798,real_quake
60.0,752862.2123639092,142094.05809666158,1.0677108707397434,0.0,582700.56,575602.4,612000.6,89478.73017001968,85416.50317918017,69916.37274758573,real_quake
60.0,14399.023688331694,1739.0695182725817,1.1507329896415004,0.0,7702.0015,13169.025,6099.7197,863.2453211220349,1290.4336526226743,783.5504407022228,real_quake
60.0,3058.651379951849,281.5315011326044,1.0283599916427222,0.0,2037.735,3034.7227,1210.519,176.1055990124806,193.55185063068464,103.84837622163462,real_quake
60.0,3176.695970106181,470.67904952784846,1.0675460508980392,0.0,2809.4978,1765.175,2812.811,310.8561105382219,247.78405493281355,252.01251621008828,real_quake
60.0,9814.753626976833,880.1402606234232,1.0180616612386175,0.0,7410.7095,6104.0776,6627.4575,500.64921586283555,496.50293322206045,526.7656768697877,real_quake
60.0,1529.1323657275032,263.998159750906,1.0426342999695903,0.0,1330.2677,1327.8975,837.8182,180.40154213567874,163.027157075929,102.82245864923755,real_quake
60.0,5692.77362976493,497.96643333799886,1.1099102022119394,0.0,3796.0867,4469.1997,2720.6965,286.44964235266366,330.6984491706697,237.81443783654677,real_quake
60.0,75122.85329726296,7923.951259528158,1.034286843074437,0.0,63460.77,38341.004,28527.338,5432.712835657565,4704.719487699445,3337.701207525994,real_quake
60.0,13957.171133740305,2548.4745161721416,1.030806862321227,0.0,7042.1133,12031.935,4097.84,1685.9709436332394,1556.669311361439,1108.604975574609,real_quake
60.0,18087.959637439337,2585.417730152076,1.0825832698757485,0.0,16270.415,17161.564,8035.8013,1636.8736671459963,1857.2544530343869,745.4095075008571,real_quake
60.0,746.7752052718845,158.43864991709086,1.0391364133074519,0.0,626.6631,703.3329,605.0652,94.58013529761755,103.3535915377928,73.99620876013793,real_quake
60.0,1012.2717794517789,187.617277509884,1.0629583098350601,0.0,731.5324,936.59174,402.79245,110.19088788138201,141.6124883289781,54.8098001949339,real_quake
60.0,8675.114625632596,1361.614955287815,1.0566671423737557,0.0,5828.3643,8623.292,5369.834,831.3860200025764,895.6741762735224,600.4667702416689,real_quake
60.0,6616.741786121801,743.4806763519925,1.1295651874678174,0.0,6540.6934,5517.7607,2247.633,503.2889693005219,492.5576502228065,238.4338287580477,real_quake
60.0,589.9180409789951,96.99753211728539,1.028989561293518,0.0,470.49435,540.56586,207.92377,57.438249071669546,75.41806906082823,20.530066720807447,real_quake
60.0,2024.4956921059024,192.5151581112019,1.0575872048024746,0.0,1237.2811,1002.72455,1937.9684,94.47224954856232,101.63049153789794,133.44783009693523,real_quake
60.0,5550.08689054296,712.7220789657812,1.0684584436054987,0.0,4528.258,5514.11,3793.8337,425.49683529630073,471.8691769059119,322.90042564895356,real_quake
60.0,9928.207217006468,550.856236922324,0.9896249993488242,0.0,9462.383,4910.8076,4919.3955,405.43771714600103,277.8995434782261,248.66582999329907,real_quake
60.0,1117.058745298373,101.94765830909773,1.0331990096367696,0.0,931.4202,1100.5055,355.41495,67.67452201737488,63.951743888475875,41.51696711046195,real_quake
60.0,623121.2839338877,52698.90408699268,1.0578997936692431,0.0,535131.0,393779.1,430031.03,35737.6174799324,25364.187075233476,29268.672720857092,real_quake
60.0,525792.5219570516,84054.82408687973,1.209372690170177,0.0,389407.2,510305.2,355750.53,49941.39161417015,50372.63398877321,45096.214929298454,real_quake
60.0,279392.0228676331,27834.95191390794,1.29640608595649,0.0,268804.38,116294.305,70176.18,23834.515361662332,11076.093465030008,9166.274001914247,real_quake
60.0,3304.9922075388013,564.5680887192593,1.0178658735819188,0.0,1865.7527,3040.6587,1686.0369,316.94534641704786,401.34134128635657,239.1817341670624,real_quake
60.0,17186.748368787557,1765.7242204796435,1.0272356721322033,0.0,13694.256,14123.221,7318.998,1151.9412573330385,1133.5787069212824,711.2050883234009,real_quake
60.0,1923552.9005697253,329120.06272738235,1.3571477472340676,0.0,1792946.4,1610667.9,1914612.4,190219.06837895536,208462.30770956873,169352.26003546413,real_quake
60.0,292.54636181483914,50.4993586955136,1.059956320052793,0.0,180.4342,291.22098,158.19121,27.681560043065673,36.254326617973355,21.66887776784028,real_quake
60.0,13857.71691958043,1865.4958919775015,1.0128410918133208,0.0,9700.319,10096.463,9283.545,1076.204524520224,1242.875578623966,881.5435556155322,real_quake
60.0,11144.13749864784,2016.1212742737453,1.1281768728538744,0.0,10196.571,10507.942,4810.722,1248.2450721373505,1405.6458487244486,728.5526613963715,real_quake
60.0,5432.044358824617,716.6501388100833,1.0481976368703307,0.0,4957.3833,3363.2317,2685.9124,500.07102286656385,386.1093474048981,338.2838532833986,real_quake
60.0,52590.65083952145,8262.81303592599,1.0807991303251914,0.0,51533.56,36753.18,13613.607,6185.563517339445,4974.110854594701,2295.888596128071,real_quake
60.0,1135.6544749397087,227.15375738337823,1.0393561734356322,0.0,1120.9011,816.0139,459.95566,161.56707347985972,125.9575282936216,98.13058303455546,real_quake
60.0,2233.644684888526,412.0996431521691,1.1620146670709248,0.0,1447.9556,2157.0283,950.29517,242.50807920691093,287.2848444898219,168.77015592805085,real_quake
60.0,23018.510389678624,3153.8629494939983,1.159972558761899,0.0,16220.24,19944.443,14376.645,1509.414494163077,2005.5187205796124,1909.5586009353367,real_quake
60.0,2739.6590266448893,306.7602467861788,1.0778821207763951,0.0,1929.8044,1873.6995,915.97,205.95468284612883,192.7054598755262,120.61974695807395,real_quake
60.0,28411.228845611546,1463.119635855491,0.9898620065491105,0.0,17016.836,23738.604,9882.389,841.3373102850269,984.6823983910926,680.6402672829654,real_quake
60.0,7518.174573553125,686.8045937230755,1.0543943610599487,0.0,6377.3438,5154.8037,5347.418,430.7522918724821,423.9087499537627,326.27348148196353,real_quake
60.0,12871.303802182532,1789.30624040253,1.052030293776068,0.0,11686.303,12809.086,7118.4883,1200.2785378241865,1139.3240508155523,680.3594350160143,real_quake
60.0,21397.168475779545,3747.903863557584,1.0997159558821485,0.0,13445.878,19765.34,8485.647,2300.1750102046194,2549.6050562869605,1501.8296673910825,real_quake
60.0,1093.6158641701775,216.31129230344698,1.0382547659413714,0.0,853.5808,856.1567,934.48444,127.82950268580467,146.36811893844657,95.00824795515332,real_quake
60.0,15844.812609457395,1500.6082342132872,1.0571293114250886,0.0,14780.066,13120.462,9742.495,931.6612834763928,896.0303803314733,762.2085560939838,real_quake
60.0,6015.988787191366,660.7317223166375,1.039996904042317,0.0,3154.814,3839.788,4365.746,330.0060371314006,439.58450315792373,366.64409025066834,real_quake
60.0,2661.9366613678458,249.9396770765522,1.0359999127111315,0.0,2623.7874,209.10318,1336.9681,207.51529257416416,29.184202762621606,136.2186765245516,real_quake
60.0,698.5940939129567,149.06002922125646,1.0277844855271612,0.0,420.90192,692.74927,560.62573,71.95086801949802,91.70256732508103,92.91180790766902,real_quake
60.0,2034.0155645375407,426.5520226163059,1.0138117979298225,0.0,1679.6504,1673.9779,1407.8645,257.55502215287373,258.4320314685926,220.9636252257613,real_quake
60.0,12700.991598141076,820.9777931277148,1.0896752930430804,0.0,11170.256,4060.995,4970.0513,597.6744468983064,432.14494926752474,360.611335313,real_quake
60.0,3855.801356615473,513.4987122238109,1.0163064216897861,0.0,2935.9329,3700.4253,2235.2458,300.0209997672739,343.5871148610111,235.8309175143157,real_quake
60.0,194281.32279162,36386.76223180482,1.1174482480376018,0.0,149583.81,177394.64,97940.11,22389.806621217424,24969.673653099493,14114.121397950898,real_quake
60.0,92183.51362574995,6515.871448295022,0.9632969817222349,0.0,55767.258,46349.875,71840.51,3673.0214144545816,3584.721673317081,4014.3822618822833,real_quake
60.0,19536.520041774405,4028.551712455724,1.0326422268258484,0.0,15876.408,19310.383,15440.051,2479.3349482585763,2542.262794532391,1902.3740425610163,real_quake
60.0,30582.085195136475,4800.589993311739,1.048086096133218,0.0,30309.197,25422.734,10968.996,3549.278881046747,2936.460539268551,1351.1044407295083,real_quake
60.0,8025.739832135224,811.440416385516,1.0964366512239792,0.0,6136.142,4911.1147,3273.1914,578.2331589696452,460.2879426927775,334.9880192238744,real_quake
60.0,86371.59055238761,9106.212580192467,1.1207259651905201,0.0,42164.746,32587.863,86216.26,5163.338138796593,5486.543461959906,5114.771515926112,real_quake
60.0,156248.1110532766,24904.923459506324,1.0025681055619313,0.0,102706.67,138709.84,107615.586,13250.618213152055,16111.503840120104,13604.99075717976,real_quake
60.0,58386.58311392227,6940.6885866673365,1.2112270442117514,0.0,53996.344,37299.582,26312.094,4553.346239829789,4201.854755649637,3128.036555052815,real_quake
60.0,1156637.338263624,98727.22101671046,1.3337682049844186,0.0,829178.94,970768.5,555474.0,60723.13442405301,57394.920867833374,52588.859789654365,real_quake
60.0,21534.418590443587,3885.519848609387,1.1171772309405876,0.0,18819.486,20314.656,9827.154,2378.426106115786,2716.814895670899,1435.0158794749054,real_quake
60.0,10083.144375436705,1825.612772359129,1.1100181111706555,0.0,9699.774,6839.1646,3990.384,1317.4188836525743,1118.3739107202841,588.6503847077718,real_quake
60.0,1281385.1310595123,83570.44408005597,1.0852404326142577,0.0,612709.06,1154507.8,391996.84,44107.36387760555,64355.95590854705,29947.796489949087,real_quake
60.0,1767.7715053820243,208.16105635012835,1.0790836646283202,0.0,1501.5284,1013.1779,910.9512,126.62831721415746,119.90982672603994,113.65706363813514,real_quake
60.0,2891.2498078989197,271.1395923412424,1.0791763168565038,0.0,2775.3235,2396.8286,1057.8419,177.61616953210637,177.55293115191535,102.19653367448618,real_quake
60.0,31810.491721289094,2012.7252417421773,1.016126819341239,0.0,29282.38,18474.729,4734.2017,1379.9590596792746,1373.2329574193816,510.88857592670524,real_quake
60.0,450.7026423427304,49.117017101183066,1.0326590482426818,0.0,425.24063,306.10123,167.26843,27.42262311371199,32.35102492435511,24.776850018212023,real_quake
60.0,30723.423852298783,5405.606387729902,1.1672263595637438,0.0,29013.63,22620.94,15272.676,3771.054171894706,3369.511006228825,1909.4832889042689,real_quake
60.0,1385.4422627724061,151.20252752282863,1.0161941961164764,0.0,1161.1031,1134.1167,1034.8414,92.62076523586883,86.52797547153472,82.44093423300897,real_quake
60.0,2033.980014045589,341.5838434318505,1.0813151948917135,0.0,1334.8542,1961.9628,539.9313,198.59743307935045,269.3879751710819,68.32788962928981,real_quake
60.0,733.1104488298774,119.62322919407785,1.0379729816048846,0.0,612.06866,671.32196,505.9162,69.77095533418942,73.7058086482583,63.31812162469571,real_quake
60.0,2106.290729150598,302.0978937873831,1.0002115922777224,0.0,1433.5391,2023.5206,1100.3232,185.74874320273526,193.57728089904987,138.88260563910686,real_quake
60.0,2711.49422530225,277.17491796706526,1.0391589323708998,0.0,2244.181,2138.052,996.69305,161.97873400530614,193.0773009444445,115.368889827787,real_quake
60.0,4353.749501636061,887.3019811827725,1.0645752387894234,0.0,3842.6145,3395.7957,2632.184,571.6132582674493,563.474746247777,378.2318060723435,real_quake
60.0,15811.86326104567,2405.6716474510285,1.0512150520703964,0.0,10883.839,15344.912,7755.561,1251.358309688275,1807.8154558820227,976.3000223281398,real_quake
60.0,281582.8996373974,61057.87745014358,1.0892014398456782,0.0,172724.62,183828.03,279327.6,36746.68660352398,37136.28448483944,31601.294230461768,real_quake
60.0,46970.24573454493,8347.422472695447,1.1449905002896483,0.0,27351.486,43648.344,23103.137,5132.916992848828,5508.921298017834,3603.3888514050514,real_quake
60.0,1871.776479726954,296.2230837085856,1.0486593180622903,0.0,1402.3257,1845.6963,1561.9974,177.0460555181098,168.53465130391314,167.32866119457987,real_quake
60.0,8069.556753323685,998.816669553765,1.0938547046091653,0.0,7724.317,5895.742,5170.426,680.9981883510045,580.8410190449622,443.2831120581235,real_quake
60.0,5981.948165064319,720.105089783437,1.0709964606997506,0.0,4538.08,4441.916,3836.21,462.3831733337211,439.13278754574526,334.537794953206,real_quake
60.0,3024.6574455130453,358.1643171033298,1.0098655061555002,0.0,2394.6396,2282.6348,1572.4021,219.95284224430176,225.17682857131066,170.87369929077576,real_quake
60.0,2765.244545373651,260.522759655356,1.0409626395822975,0.0,1116.9868,2723.4253,829.25287,141.64454633610026,195.9906058319882,96.93612957660827,real_quake
60.0,255.21927128185956,46.94396022703322,1.0097265377457485,0.0,199.92111,201.71465,127.33371,28.505495690704496,30.560876734240505,21.38235091048367,real_quake
60.0,7148.288686519143,1019.441022116736,1.1225204819710732,0.0,5906.906,6635.2114,3789.3567,537.4078868796911,722.6180232778626,477.7823281871306,real_quake
60.0,7689.71614991032,989.9167133550834,1.1045251754183032,0.0,5473.2793,6961.035,2961.7563,540.7367373935689,718.1068958677544,414.5616556314238,real_quake
60.0,24059.726266541227,4242.023524746084,1.0618190714427453,0.0,19633.848,21891.975,15375.577,2351.4039664632064,2810.640467133715,2136.8114412625782,real_quake
60.0,7188.422878672518,781.7742325082613,1.0397106729652825,0.0,6193.873,5751.5195,4254.399,551.6392766406776,446.28811242050165,328.1645620620496,real_quake
60.0,7162.114295321132,1675.587856651961,1.1072874292884183,0.0,7124.533,5679.612,3683.2756,1013.9010335075525,1086.9218598724387,773.4340502869445,real_quake
60.0,3827.7313349782366,534.4171031305939,1.0251316198575529,0.0,3134.5425,2943.5654,2596.7397,320.3834853860366,329.48426867567576,272.7566298106173,real_quake
60.0,2390372.5962322317,176541.36318512406,1.0189857758053753,0.0,2296994.5,1747402.8,803975.06,123640.0833228567,113770.66666694547,54186.88141365694,real_quake
60.0,24767.59329968657,2725.5503288389987,1.0636399517453201,0.0,22958.043,16982.602,5836.889,1855.9408287493875,1879.2208624838336,672.783163597995,real_quake
60.0,543.7288851266543,58.66547090573168,1.0602922055005792,0.0,372.37198,524.5295,186.17235,39.537021624825485,37.90836444573616,21.009933428704105,real_quake
60.0,2652.6407046214913,472.74212530778993,1.0395760680057722,0.0,1905.1995,2184.989,2386.1934,283.34665923307983,311.4299830800525,214.96779614802145,real_quake
60.0,6239.837772670533,707.4190307470839,1.0120408346045637,0.0,5184.1787,3748.2625,5522.815,413.69273865741525,400.50290385765567,410.97132144087203,real_quake
60.0,33117.14623037514,4314.597223364033,1.0517797841524312,0.0,21341.205,28916.729,24950.191,2529.1706523051785,2643.595123245117,2287.017672807419,real_quake
60.0,2194.9526059343866,313.79156291013464,1.0340907132242627,0.0,1719.2228,1394.8328,959.53485,186.09738234198667,207.0105492522302,144.84316254948115,real_quake
60.0,6978.297384239708,812.6561810784552,1.0441540593806196,0.0,3956.968,6578.009,3923.9758,438.8839642811869,545.7362993647278,412.2654801187473,real_quake
60.0,31967.73924616781,5105.342556125217,1.0513039049666733,0.0,29368.773,28155.54,14078.661,3019.3664742743495,3775.181634862997,1641.935544777689,real_quake
60.0,10072.969296269584,1793.602282457962,1.1608342361425301,0.0,6374.8223,9487.403,4351.1533,1010.4737600699208,1329.354461354281,654.8042790987523,real_quake
60.0,211717.35877132553,29984.688621912814,1.197895020028252,0.0,142513.52,161983.23,82946.695,18010.780151489293,19935.516831308927,13314.22242402407,real_quake
60.0,82312.22577806668,8716.26838502152,1.142642281888126,0.0,81613.43,48643.844,13688.703,6750.447969469918,5019.594985916258,2282.203529172951,real_quake
60.0,524.1874861594555,65.68002630126571,1.033405378005716,0.0,490.79608,405.17758,305.12762,39.19408612078239,39.491240181855154,34.9017394550856,real_quake
60.0,1544.460303000992,228.1204243204135,1.0249291492740207,0.0,1216.3148,1124.4867,669.54236,140.48707521857298,142.32837400423173,109.74945850421332,real_quake
60.0,2218.116579240282,214.73079384895263,1.0209883768451924,0.0,2033.1239,1503.2743,1207.957,150.3750337650788,118.36739180723552,97.39519291990337,real_quake
60.0,23441.881780608357,2202.3557666136035,1.1356145356782308,0.0,16717.4,20860.453,6210.872,1419.6076714927242,1485.320846050577,793.0365477472003,real_quake
60.0,60774.79806305749,5019.351736827841,1.0324491686879032,0.0,48110.23,33473.23,26126.936,3206.545190669611,3298.9102647780587,2007.2744862455168,real_quake
60.0,12057.92521862724,842.9042063203825,1.0392228883579728,0.0,8388.471,10408.469,4883.8496,492.77637645985897,578.4547602659948,364.75887125784334,real_quake
60.0,80359.61835811072,13693.442941084442,1.0477350131323018,0.0,53004.484,71288.32,53969.035,7380.030794324581,8964.322093708008,7258.5435492125225,real_quake
60.0,3489.632583530491,434.19012277433046,1.0211408308095518,0.0,2971.7417,2068.9797,1452.5792,274.3687696543799,287.0220696989858,175.67348251469406,real_quake
60.0,6694.200117725197,675.7221939698182,1.0869363265194423,0.0,6497.7183,2785.5393,2201.0452,510.824435429586,364.50615115147554,250.5876001803901,real_quake
60.0,147181.55274396637,19374.733685025603,1.1330709022094203,0.0,107817.38,130172.2,65740.06,12444.30178989842,13727.798626822114,5662.791112959905,real_quake
60.0,10937.043566723036,3747.4866031484066,1.0844969867676881,0.0,7147.577,9493.736,2031.9352,2091.339963118087,3052.4843285596635,593.542267525809,fake_vibration
60.0,497.3573768289669,184.6863295748309,1.0286178439420974,0.0,488.896,449.012,279.7914,129.9940107199314,109.84393251240932,71.7280140459687,fake_vibration
60.0,375.11652289316646,144.29207394022117,0.999595476607066,0.0,355.5516,281.98447,346.5265,91.75801645618961,71.86150535057944,85.06816717635647,fake_vibration
60.0,1015.0226222197994,86.3842026511578,1.0696601369670367,0.0,903.57184,322.2527,445.597,68.6761051251312,38.12819066808846,35.94529355696124,fake_vibration
60.0,3323.306443394666,554.6623483059228,1.0490661493260167,0.0,2098.6392,2874.6565,1199.5564,319.3892386519312,397.17449520105754,218.84527690440513,fake_vibration
60.0,2948.150061267032,687.6784504902013,1.0294555549860995,0.0,2836.2236,1421.8844,2201.6755,495.37691857375336,282.3998610094728,384.38740655074497,fake_vibration
60.0,29.36748894910733,8.528005877900704,1.0189318044486162,0.0,26.211206,25.358442,14.886,5.284399277264105,5.594519653552609,3.674691603110816,fake_vibration
60.0,3598.719707996187,1262.8346482275049,1.0156792407288437,0.0,2542.342,3176.689,3381.475,662.4156372154727,652.0102075143307,854.891549632715,fake_vibration
60.0,1046.9345798056274,159.31843058825808,1.0951952816327113,0.0,966.02966,879.51056,493.9193,109.86749833576881,101.40736769955642,55.02763769954515,fake_vibration
60.0,2227.590968906361,323.5089960441916,1.007256318637572,0.0,1934.9862,894.37366,1298.5355,215.42570525691502,174.05794490461568,167.19350421491657,fake_vibration
60.0,239.20493112256085,73.43606816444772,1.0228352694807414,0.0,195.20674,238.49991,133.89049,44.117492735749664,51.184567855225396,28.751399194444677,fake_vibration
60.0,145.24514257351862,23.978182731931796,1.0465648718186917,0.0,141.0982,103.14926,72.175064,17.066927855921847,13.055425535345476,10.640915598655992,fake_vibration
60.0,106.05186469826822,28.849074465780344,1.0109956134594487,0.0,58.248875,69.86992,101.44149,14.950473540479983,16.430363741673563,18.406400673783182,fake_vibration
60.0,2777.28681711643,785.1836854670179,1.0039625183169063,0.0,2749.5862,1573.3632,794.23083,622.3941177481164,439.6541007015824,189.3231466366316,fake_vibration
60.0,1150.6480853319179,152.2637964312375,1.128730064656636,0.0,1001.0211,845.90204,833.9868,90.11591987715273,76.2575336161536,96.16742304506826,fake_vibration
60.0,2348.9132546328356,846.4957326014763,1.086892095524669,0.0,931.8856,2137.162,850.0992,234.75564356630028,789.5427434743222,195.10784031740826,fake_vibration
60.0,49.87953482154648,14.564391258826236,1.026360905292423,0.0,34.25919,33.39188,36.443462,8.056357341521394,8.80150609015421,8.351651912697676,fake_vibration
60.0,2271.4642076727478,508.1302880957792,0.9835919999271745,0.0,1925.3004,1642.0465,1392.3927,339.75029013625044,266.1717297234357,268.17669609544276,fake_vibration
60.0,117.55489480068252,33.188362338093576,1.0193403347574248,0.0,90.26074,104.11545,72.55312,20.758993960424018,20.672567911132465,15.594117493314068,fake_vibration
60.0,230.30576798689353,84.59397786410486,1.0068515077372642,0.0,227.7066,173.83365,91.9175,66.83441603524807,46.68136712352536,22.586542178445253,fake_vibration
60.0,96.03392595895217,29.90106076052894,1.037247640457756,0.0,60.109467,58.306076,93.71682,15.064690987134322,12.207379234989158,22.7619949099404,fake_vibration
60.0,50.812771654304235,18.412364752699535,1.0019745769387993,0.0,43.501812,38.993416,38.974194,12.130707545080728,10.16718700038728,9.40688145674907,fake_vibration
60.0,1021.8102276574864,312.13154374418997,1.0181663595279289,0.0,501.42734,529.9973,992.4044,134.9198509786787,146.59424149674587,240.2766380071439,fake_vibration
60.0,66.89442327170077,13.539259289753458,1.047486916542906,0.0,53.34789,55.344345,19.22118,8.17214838670718,9.739486476259234,4.655097854994897,fake_vibration
60.0,1.3878682830443314,0.5122556746513253,1.0337799431855745,0.0,1.0043002,1.0465206,1.028883,0.3003451566069466,0.2726982877012901,0.3127847614574878,fake_vibration
60.0,201.49875621460185,71.28592849223142,1.027932125944767,0.0,188.73532,168.25327,141.42677,47.90496036321147,45.96976927212811,25.95339451143094,fake_vibration
60.0,455.28323007365714,72.4269264851957,1.023680289402383,0.0,380.79037,220.37459,184.9879,52.195432180356214,42.030939773420585,27.471742597819834,fake_vibration
60.0,6.7156763,0.5729229403059523,1.3626339671140013,0.0,0.0,0.0,6.7156763,0.0,0.0,0.5729229403059523,fake_vibration
60.0,5287.157233969779,1071.2966390556273,1.021391073990246,0.0,3933.7588,4033.379,981.653,774.5957047009746,709.5180978221299,210.38548422728803,fake_vibration
60.0,7812.520226389732,1991.679601200288,1.021969732843308,0.0,6246.034,5153.045,6886.6387,1174.2726573463622,1094.0969320736203,1179.3317019707154,fake_vibration
60.0,56.43239599160638,16.108223376135083,1.0085346162268107,0.0,43.87088,56.262573,31.387682,10.208202954815848,9.722026306881707,7.794206647058685,fake_vibration
60.0,121.23255719172388,46.472062917215524,1.0278603664143577,0.0,79.36087,92.05809,106.1799,25.89737052244653,25.14640763551363,29.26836201145083,fake_vibration
60.0,1142.356871033192,211.06220948966046,1.0249924873574807,0.0,309.37262,1115.2773,245.53624,77.77359104505342,182.18720119655433,72.84468773205322,fake_vibration
60.0,3080.6802531036356,1193.9779997404805,1.0070903082120917,0.0,2362.4072,2492.9553,2477.938,664.422438083921,686.3400034119585,716.2846412923915,fake_vibration
60.0,395.2441386849663,46.200252782984435,1.01230823151975,0.0,256.61215,295.097,57.32272,29.612074931581777,32.84543723663686,13.370326405596673,fake_vibration
60.0,346.1815858187851,60.15122507912737,1.0563738840900425,0.0,200.1617,284.4265,226.27452,34.40588411256694,36.53484462040981,33.16037010521699,fake_vibration
60.0,4889.027505454221,1216.5042767107498,1.0620750452979606,0.0,3422.6782,4133.176,1708.7043,858.255801556757,804.7084680671908,309.39281790414583,fake_vibration
60.0,26065.26218604172,3892.9479021763473,1.0296218161167954,0.0,16950.389,25400.7,21682.697,2228.451464707555,2439.0659390860164,2059.1271896831495,fake_vibration
60.0,389.31196040231976,77.3869232334871,1.0461153368299498,0.0,295.22372,364.4224,96.45182,49.526915129375205,53.44224408462052,26.071960273695076,fake_vibration
60.0,3261.026406903165,502.9800846387639,1.0128391809402417,0.0,2227.1655,1767.9635,3149.5398,322.58882425641985,143.3866485507589,358.28157226608784,fake_vibration
60.0,360.19532195144234,39.975700923926084,1.0679685709567357,0.0,289.1979,242.6974,136.91798,26.21094703176067,26.74214348400201,13.996452476912491,fake_vibration
60.0,67.96954461314327,27.54298572469313,1.0028493019886986,0.0,66.37618,63.62061,49.887314,17.513398084259613,17.832029127540682,11.572194578706391,fake_vibration
60.0,238.16015964716385,68.1406582739097,1.0291307195192172,0.0,221.70575,200.86258,99.4197,47.246278607980095,44.37431004391346,21.020444234732558,fake_vibration
60.0,770.5872685730546,347.7473297531486,1.0024463671832458,0.0,533.5622,742.48425,460.15765,170.19756981682792,235.11139422451413,191.52969713518632,fake_vibration
60.0,1.3850800768895422,0.505188435197822,1.0330018062142732,0.0,1.0212557,1.03428,1.02248,0.2816331344302156,0.21387698164402966,0.3607696902061972,fake_vibration
60.0,334.125197425076,86.31739055077426,1.012511796403775,0.0,184.03554,220.01941,314.28656,51.36004079304944,45.89203789301085,52.02652188314771,fake_vibration
60.0,276.5562751750525,66.82537754555787,1.01644911984497,0.0,197.39375,173.87457,266.44003,40.77612050017687,34.428629373469235,40.219504727503754,fake_vibration
60.0,609.80646,57.98943184375194,1.5982901035178056,0.0,501.2216,390.0026,609.80646,34.45588118572312,25.025274583469617,39.36117489733293,fake_vibration
60.0,1345.7094124459802,450.0007595005013,1.0525957173842615,0.0,1097.549,1010.4146,772.65686,260.1182488922098,268.0302293910249,250.99596864665583,fake_vibration
60.0,90.09479945891152,26.28915840013145,1.0028862566678431,0.0,89.61187,58.74492,29.909254,18.150561757179176,16.816151648978718,8.882229506412065,fake_vibration
60.0,6.503325,0.6102546037715031,1.7170381844024842,0.0,0.0,0.0,6.503325,0.0,0.0,0.6102546037715031,fake_vibration
60.0,13062.845736650272,1674.8530054169923,1.019608728091321,0.0,9765.531,9052.068,43.180935,1107.7208734419874,1256.1964052537005,7.592609757745425,fake_vibration
60.0,238.51143936785192,62.15491094716193,1.0241490920710095,0.0,231.5849,188.263,110.85963,43.6999149108131,39.836703878945535,19.14647266988177,fake_vibration
60.0,172.5158509074607,25.297481801875325,1.0877529718971177,0.0,75.69773,66.63638,169.29256,15.44777415203752,10.694410448665314,16.93984782751406,fake_vibration
60.0,239.39747280540442,49.35315883633628,1.0455013773566715,0.0,82.03101,128.76242,236.63838,18.331324263085957,26.17608918490368,37.60996135161803,fake_vibration
60.0,1189.3161796630084,320.2391160416363,1.0210941002607876,0.0,1188.2185,770.34,593.31934,196.82283585980292,193.47764134483322,162.42002655729908,fake_vibration
60.0,3543.5061087410486,867.8906099855615,1.0119652579710756,0.0,2683.8523,2281.6936,791.1368,619.8718710933423,573.2149640263474,201.0412379205374,fake_vibration
60.0,603.16809440601,204.67779380606922,1.007909507041792,0.0,410.52542,574.54596,453.69687,102.4973768539276,120.41910399583855,129.94816816032133,fake_vibration
60.0,431.9908097754767,123.40971940767174,1.0081154837904722,0.0,239.13707,291.02914,398.50537,36.735338166494486,84.26957910355443,82.33536185493658,fake_vibration
60.0,918.942444616515,182.7440582509,1.0114048786535657,0.0,695.3065,602.53143,807.9552,116.61074151418227,72.52394276265653,120.5719847878429,fake_vibration
60.0,1448.761088086218,110.60824957275017,1.0228593557436325,0.0,851.46356,623.563,1361.3671,59.38155148167161,57.889198472986806,73.19055210430179,fake_vibration
60.0,266.17261347423727,72.64160108624584,1.0147879307496765,0.0,167.23698,247.40233,117.870804,38.11215534955263,54.457482658607255,29.302703040373753,fake_vibration
60.0,801.3488005340336,130.57071521119417,1.0990951409729042,0.0,537.73517,516.2847,416.3279,82.6861378319842,77.94169865620857,64.31800596860617,fake_vibration
60.0,44.747981308526235,8.654535562030034,1.0510863159467867,0.0,36.626297,34.23127,32.77672,5.2853202513062785,4.60211526589283,5.078081400983096,fake_vibration
60.0,1897.9072183282344,187.64045406443884,1.0296296492039667,0.0,1427.503,1279.0729,347.283,126.18067019013695,122.8566688931097,64.7581452820066,fake_vibration
60.0,3279.3444357478415,397.0456898152589,1.0147431239688267,0.0,1643.7872,2585.0557,1170.278,254.2728477380574,278.7451418437186,123.65979379967723,fake_vibration
60.0,2716.9134114744325,872.1250305834266,1.0052968722670987,0.0,1947.3422,1897.2646,2147.6829,437.5814235124532,484.13531954293666,578.565086345535,fake_vibration
60.0,29.217818796319314,8.682915695680384,1.0362663302957924,0.0,22.135893,24.847544,21.381218,4.704658856783301,5.3939207169384815,4.915773521935796,fake_vibration
60.0,80.33718956208162,18.35143041654276,1.01838420046995,0.0,75.738815,54.42387,48.669987,10.479371573577795,11.609726846819862,9.600625620152606,fake_vibration
60.0,832.5614204620783,300.7058036777315,1.0075527021272332,0.0,632.6342,672.7603,705.62256,181.86921140123195,184.03515944506842,153.22738135787824,fake_vibration
60.0,43.706467712533815,11.71218569097488,1.0303613819051982,0.0,28.571102,31.248323,42.365997,6.264830622186524,7.388016121247438,6.583647068865305,fake_vibration
60.0,48.436554292110884,15.082696068109064,1.0054526875609548,0.0,29.498182,42.10649,36.112896,7.821388841441941,9.10941044360448,9.12864933294459,fake_vibration
60.0,253.03983517316445,48.05521971913084,1.0324178664853392,0.0,159.70505,239.7579,82.716484,28.647806830761763,33.179867757001304,19.690192524940077,fake_vibration
60.0,7342.94109424351,1425.3484862069554,1.0312190487271997,0.0,2313.734,7338.612,4245.8755,423.2107826623064,1220.8893240161628,601.6146599561663,fake_vibration
60.0,687.7054188166458,239.5418333452229,1.008277548270886,0.0,497.45627,658.0502,330.14255,153.4891944537894,157.81175668191267,94.4288439052717,fake_vibration
60.0,3191.920468369021,868.2538614614616,1.0291414317149377,0.0,3169.76,1714.7148,1188.3066,659.8666165376985,444.66318849566954,347.4413117617041,fake_vibration
60.0,6.454589,0.5905159234674716,2.5867819090685433,0.0,0.0,0.0,6.454589,0.0,0.0,0.5905159234674716,fake_vibration
60.0,883.7503338101907,246.61179924561733,1.0020629026655636,0.0,860.618,810.9479,407.94162,165.34378736823345,157.97411829124113,92.32003821486435,fake_vibration
60.0,262.1343853828543,103.15657038553898,0.9985791561870003,0.0,235.17064,177.64296,199.82037,70.8611710034836,53.756392485485065,52.25153322791781,fake_vibration
60.0,74.21400522550394,24.636425730374707,1.0050142737942491,0.0,56.836693,68.05989,46.576927,15.283995988079976,14.877175866760446,12.329743615911273,fake_vibration
60.0,138.14635430800868,52.38146127342224,0.996106417131654,0.0,129.05403,132.74379,79.36366,37.99867844754834,29.0716277626981,21.325064609655467,fake_vibration
60.0,538.458971831914,99.27869690884303,1.0449015659211254,0.0,453.5702,487.98453,215.40344,63.11917637142741,67.28656466998073,36.670798314504395,fake_vibration
60.0,79.21393326275701,24.301088458123363,1.0181705292370389,0.0,46.31642,71.96465,64.2044,12.19673382137447,15.712877846705776,13.960231162648403,fake_vibration
60.0,9563.210260814065,3190.7704512366754,1.0006383207006526,0.0,8181.8804,5570.3857,7444.305,2304.031469086682,1366.5389124218937,1733.5012151077804,fake_vibration
60.0,302.22660150623256,66.37474530310907,1.0559510409482884,0.0,268.5513,190.60715,138.3413,45.018111970858854,34.03518264508371,34.93683945275541,fake_vibration
60.0,7.7081666,0.666504633995584,1.2232765646415,0.0,0.0,0.0,7.7081666,0.0,0.0,0.666504633995584,fake_vibration
60.0,138.91806734067987,48.927145934101695,1.0351609178129078,0.0,116.56353,131.6457,98.65731,26.001059791089276,33.856943406489954,23.906440181817544,fake_vibration
60.0,298.166785982738,64.87825879100298,1.0057984014506247,0.0,219.0642,216.3968,141.81544,44.915586840835196,39.77670570966234,24.68992112953507,fake_vibration
60.0,424.76637932242204,139.53094582223352,1.003333891583103,0.0,274.18863,294.17465,422.04694,76.78640367768428,60.191808699061,99.7480787676155,fake_vibration
60.0,1235.0237806382752,285.00658772240797,1.0087836982073115,0.0,1012.51056,812.3803,603.12994,173.04133297252196,184.22778276963433,131.70260507692265,fake_vibration
60.0,4102.4117365938455,1097.5971037676607,1.0203044704461242,0.0,3223.0703,2197.4688,3186.6794,585.1701557184389,543.1607510469755,753.1744084723671,fake_vibration
60.0,963.8310861551917,148.34856185840758,1.009941956018331,0.0,527.0935,820.8112,402.4787,101.95413195766517,90.01448549879058,59.24561741263899,fake_vibration
60.0,342.0304479704032,62.18227495680609,1.0672695260240188,0.0,206.99075,337.6015,101.56595,31.728756497141237,52.07390286795677,12.174973102539349,fake_vibration
60.0,1182.4170072020913,378.76784895491943,1.0301626786925029,0.0,848.44495,1071.7241,575.88324,285.6446714812739,200.80881730336554,146.79245195007582,fake_vibration
60.0,494.3081444906006,133.10852961913665,1.0144056069888947,0.0,483.42557,409.50098,211.20294,86.94776504923473,85.56153675372465,53.265281738226804,fake_vibration
60.0,10708.87148749993,3022.8840796293885,1.019733321033432,0.0,8077.4414,8651.508,7216.7305,1615.4972889622013,1807.754254830855,1805.5528855100122,fake_vibration
60.0,99.9886290496029,31.104401882184458,1.012177164438594,0.0,69.69962,96.78657,62.047867,18.405641230044875,19.862520044807457,15.303479500719247,fake_vibration
60.0,43.26743187314397,15.792360155858601,1.005726027212643,0.0,37.712933,31.97429,39.8585,10.51197485525451,6.910289251084574,9.546985199590091,fake_vibration
60.0,820.4760768967993,118.92984345152838,1.025269397873736,0.0,580.5765,497.24057,364.93948,83.87021781725339,69.88539617913821,47.181835780058584,fake_vibration
60.0,49.614825964996584,19.030932361070768,1.0064970037487764,0.0,38.331715,40.78336,43.75426,10.779259670234332,10.99962511977321,11.179990819216464,fake_vibration
60.0,4222.731371395424,1387.0847062825162,1.0303549164500183,0.0,2915.2368,2745.1077,3988.3809,724.8127626107756,657.5463380455172,982.9970777587897,fake_vibration
60.0,435.88244620462166,51.836912243703544,1.0163199038356712,0.0,350.70325,345.18372,166.23715,35.27245149931708,32.795753951174134,19.16658965397321,fake_vibration
60.0,253.72060304535498,52.376275982821944,1.012789570486046,0.0,164.24393,167.36604,179.45024,28.714065786512393,33.320903371068255,28.434030849890085,fake_vibration
60.0,76.8883804362422,25.88829675751951,1.0159502640662759,0.0,74.67547,51.314945,48.29932,16.425863269290108,13.845147321999834,14.446688911169302,fake_vibration
60.0,465.0255671545543,92.48782389709571,1.026518781406868,0.0,311.4703,440.43314,376.7228,50.882119301301415,61.3810887412369,46.876107448984264,fake_vibration
60.0,243.18166936543406,63.170951156132226,1.0001271658163478,0.0,203.70668,208.0635,182.08423,40.224691079400024,39.27931806789226,28.804139800706277,fake_vibration
60.0,1209.1666964061783,428.4366187743407,1.0332561693924125,0.0,1012.09625,887.1361,547.107,322.61790936249565,232.9430352887534,158.78653335791688,fake_vibration
60.0,132.53415624032743,47.76270255757489,1.008667458748896,0.0,107.93459,113.33013,121.127106,29.507221037143903,24.714945692314338,28.28022492298206,fake_vibration
60.0,623.5575046735103,175.0914166597306,1.0149245915525205,0.0,282.02777,506.58707,417.80502,56.34027238665067,115.90664955387687,118.52605825093559,fake_vibration
60.0,477.0549769654099,125.34072422552404,1.0247629748342115,0.0,459.9546,324.41415,164.48851,87.07385825862484,81.091767614088,39.40260882934697,fake_vibration
60.0,211.00723243631697,45.72848223670836,1.0295751188197413,0.0,154.8108,157.62277,132.34468,26.94230857255847,29.344554530855277,22.45224300241861,fake_vibration
60.0,271.33010164179746,65.44960047019806,1.022124482140767,0.0,212.34772,240.1866,142.24089,44.34801039117736,42.308073538230815,22.95497962395586,fake_vibration
60.0,2975.971981768776,531.1656443055319,1.0180871548887793,0.0,2903.4875,864.62146,1882.3223,356.18176289747555,160.34699369222795,359.9449056225439,fake_vibration
60.0,397.7115240867128,134.51941036531915,1.0213700890256059,0.0,323.18607,239.79941,391.2189,75.2077136345435,69.51305449049126,87.21930308308835,fake_vibration
60.0,711.3112257038257,231.88895775209804,1.0077397995494535,0.0,637.2325,574.80005,398.29266,152.69755563715287,143.16938801687203,99.79214179817589,fake_vibration
60.0,4801.6059879009745,810.0569139150779,1.1010761776893196,0.0,3403.2476,3476.7249,4274.597,503.9390453181707,385.86518574473564,503.3345813826141,fake_vibration
60.0,1102.3570542587108,197.83254334814498,1.0409623546203435,0.0,893.57623,789.5383,285.1078,137.32178764623447,119.72131576013199,77.11840505288552,fake_vibration
60.0,69.21247472356598,25.090491383989065,1.0129693506422206,0.0,66.54551,64.03119,56.834713,14.224853413330315,15.732055316721995,13.404802824767458,fake_vibration
60.0,156.0417202660485,49.35502014439264,1.0159084294617973,0.0,142.97815,127.67158,92.82352,31.601225295649087,29.671319094637205,23.59858886567689,fake_vibration
60.0,82.95089356942833,27.01331137791982,1.0013199171788334,0.0,61.991764,54.632595,68.65273,16.085794849741372,12.814885950336592,17.514134113119955,fake_vibration
60.0,501.3055667852423,30.161333156525394,1.0451788118415202,0.0,271.32663,353.36166,248.96944,17.01114817703448,21.260482964021918,12.973770447114763,fake_vibration
60.0,20.258933716687086,7.991592265147156,1.0068398456819767,0.0,17.00513,15.441247,17.660065,4.361905553007744,4.458908200753267,4.995744642819059,fake_vibration
60.0,1616.5948322611237,424.7577183000447,1.0054968536930982,0.0,1452.2052,1342.1082,586.6428,276.5753934484502,280.10200863880965,159.58707889675568,fake_vibration
60.0,269.91211142435327,97.61641889514377,1.0511625469983499,0.0,236.35048,215.04741,168.03575,61.954839875357585,62.32330859065284,42.50139127423052,fake_vibration
60.0,83.74055985204936,15.406610019409735,1.0165535005470987,0.0,61.95756,62.99949,32.38599,9.406254264855574,8.982952531269767,8.257879680403246,fake_vibration
60.0,52.51132513349745,14.833773590629345,0.9909577333214725,0.0,36.417484,42.271294,34.76072,8.91186419978029,8.209363081326108,8.55721176678987,fake_vibration
60.0,447.203715326665,78.18971342373351,1.0203732025622414,0.0,367.30304,330.7037,124.60602,55.974737577656924,47.43548947535339,27.024699380967256,fake_vibration
60.0,1350.146250319793,427.36202181362194,1.0184085500321047,0.0,939.59326,859.206,1285.9833,210.037550209878,226.94573142160783,294.98840685689856,fake_vibration
60.0,463.3400220105975,105.14421926323182,1.0201034867451408,0.0,440.19363,376.64206,206.0178,63.5053842855408,63.16250298584301,55.07151012804834,fake_vibration
60.0,200.08021896469887,64.26488608036426,1.0040889729928457,0.0,140.65503,137.57442,149.30751,40.24904599995691,34.90770943333244,35.936634527089204,fake_vibration
60.0,23.408589365309187,8.833393099410587,1.0059695765542285,0.0,18.635427,15.3721485,19.919779,4.90621051537108,4.82185421859661,5.541448720522361,fake_vibration
60.0,1095.2553242089386,375.14146405399146,1.0372307178178697,0.0,976.63,820.54425,777.7358,290.17163971454664,208.6087052401651,114.07868186460341,fake_vibration
60.0,803.3209063747948,234.8377573033337,1.007077070672204,0.0,678.66595,596.7573,428.2798,148.80042225180057,142.88581101326983,112.20896400923341,fake_vibration
60.0,159.08840386490738,46.926282643110056,1.0158482483856315,0.0,121.067566,90.29307,127.74648,26.459389527938296,23.170339986938455,31.066252644945155,fake_vibration
60.0,12.33939625257809,4.408299105336603,1.0078172009761546,0.0,12.162842,9.67501,8.61113,2.898041829128791,2.489735829744652,2.199015701812302,fake_vibration
60.0,87.94032194674807,16.501168481163695,1.0802848034199546,0.0,82.273834,77.34629,14.48027,8.218039950950443,13.666737255404882,4.239418993218396,fake_vibration
60.0,2559.586786615824,460.83390170329636,1.0114930968670297,0.0,2280.9705,1091.8269,1752.5294,276.54714627880236,257.295783188162,263.9856829408073,fake_vibration
60.0,1.399189021729403,0.4195176228416667,1.0349835575490751,0.0,1.0138845,1.0645033,1.0257652,0.18982055832499167,0.27268109482254405,0.256141000307038,fake_vibration
60.0,226.19826953062304,72.4353784580194,1.0581374850135052,0.0,59.83253,119.77226,216.20605,16.89515613838077,40.026075405003645,57.959908894762755,fake_vibration
60.0,1910.286807448831,384.24719810807096,1.0220263041407402,0.0,1881.8539,1504.718,668.94434,265.8411838524927,238.52129309254036,141.71085689978298,fake_vibration
60.0,2377.180234153898,166.26742086503927,1.0656071535655647,0.0,703.33716,2185.109,1832.5023,76.05460458185146,96.57542722791237,111.95418356969299,fake_vibration
60.0,5832.39075821187,803.7840999345402,1.0354795430644332,0.0,2818.988,2229.9207,5830.8413,313.1518633236502,336.71055393663295,659.2653431450728,fake_vibration
60.0,274.9645575205501,65.48317309320434,1.0061295226033404,0.0,190.12416,238.86884,181.46465,45.150502924858266,37.713458948635996,28.760616441871917,fake_vibration
60.0,98.15512316210804,10.704333471566809,1.0288343562858746,0.0,50.549606,92.06144,41.109932,5.370004950425442,8.093982953644973,4.498137597830507,fake_vibration
60.0,132.66452896226264,28.800880795149837,1.0008268025593599,0.0,81.82608,130.14946,27.240042,15.018254636279293,23.73711958956956,6.363325847917847,fake_vibration
60.0,477.8278882906836,76.87422571096478,1.039123423349924,0.0,413.1901,339.3109,300.46222,42.37152236353943,46.29319282735828,44.39865954176387,fake_vibration
60.0,205.91549334234202,67.77953898491391,1.0264430253475507,0.0,153.67915,153.71114,153.15175,39.72657770166897,38.470355638445646,39.19051755427882,fake_vibration
60.0,54.88609974338332,19.716262937609383,1.0184163312434675,0.0,43.933216,43.39274,54.70679,10.001551309592635,10.48000032305405,13.374213578948197,fake_vibration
60.0,26.979172608799356,7.927027797208368,1.0195386859359428,0.0,17.330517,22.415775,13.773183,4.78037096432754,5.30314283041926,3.4441979126207505,fake_vibration
60.0,242.5058814378501,56.33581496738576,1.040860329487196,0.0,167.87929,180.69849,98.77319,34.584473333381,36.5696786070501,25.304087789707935,fake_vibration
